"location","indicator","subject","measure","frequency","time","value"
"AUS","TEACHERSALARY","PRY_10YREXP","USD","A",2012,51504
"AUS","TEACHERSALARY","PRY_15YREXP","USD","A",2012,51289
"AUS","TEACHERSALARY","PRY_START","USD","A",2012,37221
"AUS","TEACHERSALARY","PRY_TOP","USD","A",2012,51662
"AUT","TEACHERSALARY","PRY_10YREXP","USD","A",2012,38353
"AUT","TEACHERSALARY","PRY_15YREXP","USD","A",2012,42994
"AUT","TEACHERSALARY","PRY_START","USD","A",2012,32587
"AUT","TEACHERSALARY","PRY_TOP","USD","A",2012,64057
"CAN","TEACHERSALARY","PRY_10YREXP","USD","A",2012,55765
"CAN","TEACHERSALARY","PRY_15YREXP","USD","A",2012,58495
"CAN","TEACHERSALARY","PRY_START","USD","A",2012,37145
"CAN","TEACHERSALARY","PRY_TOP","USD","A",2012,58495
"CZE","TEACHERSALARY","PRY_10YREXP","USD","A",2012,18508
"CZE","TEACHERSALARY","PRY_15YREXP","USD","A",2012,19363
"CZE","TEACHERSALARY","PRY_START","USD","A",2012,16986
"CZE","TEACHERSALARY","PRY_TOP","USD","A",2012,21835
"DNK","TEACHERSALARY","PRY_10YREXP","USD","A",2012,49353
"DNK","TEACHERSALARY","PRY_15YREXP","USD","A",2012,51122
"DNK","TEACHERSALARY","PRY_START","USD","A",2012,44131
"DNK","TEACHERSALARY","PRY_TOP","USD","A",2012,51122
"FIN","TEACHERSALARY","PRY_10YREXP","USD","A",2012,37212
"FIN","TEACHERSALARY","PRY_15YREXP","USD","A",2012,39445
"FIN","TEACHERSALARY","PRY_START","USD","A",2012,32148
"FIN","TEACHERSALARY","PRY_TOP","USD","A",2012,41811
"FRA","TEACHERSALARY","PRY_10YREXP","USD","A",2012,31689
"FRA","TEACHERSALARY","PRY_15YREXP","USD","A",2012,33994
"FRA","TEACHERSALARY","PRY_START","USD","A",2012,26247
"FRA","TEACHERSALARY","PRY_TOP","USD","A",2012,50127
"DEU","TEACHERSALARY","PRY_10YREXP","USD","A",2012,59795
"DEU","TEACHERSALARY","PRY_15YREXP","USD","A",2012,62195
"DEU","TEACHERSALARY","PRY_START","USD","A",2012,50007
"DEU","TEACHERSALARY","PRY_TOP","USD","A",2012,66396
"GRC","TEACHERSALARY","PRY_10YREXP","USD","A",2012,23320
"GRC","TEACHERSALARY","PRY_15YREXP","USD","A",2012,26617
"GRC","TEACHERSALARY","PRY_START","USD","A",2012,18718
"GRC","TEACHERSALARY","PRY_TOP","USD","A",2012,35503
"HUN","TEACHERSALARY","PRY_10YREXP","USD","A",2012,12562
"HUN","TEACHERSALARY","PRY_15YREXP","USD","A",2012,13520
"HUN","TEACHERSALARY","PRY_START","USD","A",2012,10992
"HUN","TEACHERSALARY","PRY_TOP","USD","A",2012,18020
"ISL","TEACHERSALARY","PRY_10YREXP","USD","A",2012,28046
"ISL","TEACHERSALARY","PRY_15YREXP","USD","A",2012,28742
"ISL","TEACHERSALARY","PRY_START","USD","A",2012,25672
"ISL","TEACHERSALARY","PRY_TOP","USD","A",2012,29938
"IRL","TEACHERSALARY","PRY_10YREXP","USD","A",2012,49233
"IRL","TEACHERSALARY","PRY_15YREXP","USD","A",2012,55148
"IRL","TEACHERSALARY","PRY_START","USD","A",2012,33602
"IRL","TEACHERSALARY","PRY_TOP","USD","A",2012,62386
"ITA","TEACHERSALARY","PRY_10YREXP","USD","A",2012,30567
"ITA","TEACHERSALARY","PRY_15YREXP","USD","A",2012,33570
"ITA","TEACHERSALARY","PRY_START","USD","A",2012,27786
"ITA","TEACHERSALARY","PRY_TOP","USD","A",2012,40851
"JPN","TEACHERSALARY","PRY_10YREXP","USD","A",2012,40204
"JPN","TEACHERSALARY","PRY_15YREXP","USD","A",2012,47561
"JPN","TEACHERSALARY","PRY_START","USD","A",2012,27067
"JPN","TEACHERSALARY","PRY_TOP","USD","A",2012,59643
"KOR","TEACHERSALARY","PRY_10YREXP","USD","A",2012,42972
"KOR","TEACHERSALARY","PRY_15YREXP","USD","A",2012,50145
"KOR","TEACHERSALARY","PRY_START","USD","A",2012,28591
"KOR","TEACHERSALARY","PRY_TOP","USD","A",2012,79631
"LUX","TEACHERSALARY","PRY_10YREXP","USD","A",2012,87511
"LUX","TEACHERSALARY","PRY_15YREXP","USD","A",2012,98788
"LUX","TEACHERSALARY","PRY_START","USD","A",2012,66085
"LUX","TEACHERSALARY","PRY_TOP","USD","A",2012,118412
"MEX","TEACHERSALARY","PRY_10YREXP","USD","A",2012,15648
"MEX","TEACHERSALARY","PRY_15YREXP","USD","A",2012,20296
"MEX","TEACHERSALARY","PRY_START","USD","A",2012,15556
"MEX","TEACHERSALARY","PRY_TOP","USD","A",2012,33319
"NLD","TEACHERSALARY","PRY_10YREXP","USD","A",2012,45950
"NLD","TEACHERSALARY","PRY_15YREXP","USD","A",2012,54865
"NLD","TEACHERSALARY","PRY_START","USD","A",2012,37104
"NLD","TEACHERSALARY","PRY_TOP","USD","A",2012,54865
"NZL","TEACHERSALARY","PRY_10YREXP","USD","A",2012,43050
"NZL","TEACHERSALARY","PRY_15YREXP","USD","A",2012,43050
"NZL","TEACHERSALARY","PRY_START","USD","A",2012,28961
"NZL","TEACHERSALARY","PRY_TOP","USD","A",2012,43050
"NOR","TEACHERSALARY","PRY_10YREXP","USD","A",2012,38773
"NOR","TEACHERSALARY","PRY_15YREXP","USD","A",2012,38773
"NOR","TEACHERSALARY","PRY_START","USD","A",2012,34484
"NOR","TEACHERSALARY","PRY_TOP","USD","A",2012,43318
"POL","TEACHERSALARY","PRY_10YREXP","USD","A",2012,14966
"POL","TEACHERSALARY","PRY_15YREXP","USD","A",2012,18160
"POL","TEACHERSALARY","PRY_START","USD","A",2012,11388
"POL","TEACHERSALARY","PRY_TOP","USD","A",2012,18925
"PRT","TEACHERSALARY","PRY_10YREXP","USD","A",2012,31928
"PRT","TEACHERSALARY","PRY_15YREXP","USD","A",2012,34694
"PRT","TEACHERSALARY","PRY_START","USD","A",2012,29151
"PRT","TEACHERSALARY","PRY_TOP","USD","A",2012,48321
"SVK","TEACHERSALARY","PRY_10YREXP","USD","A",2012,12778
"SVK","TEACHERSALARY","PRY_15YREXP","USD","A",2012,13365
"SVK","TEACHERSALARY","PRY_START","USD","A",2012,10644
"SVK","TEACHERSALARY","PRY_TOP","USD","A",2012,14411
"ESP","TEACHERSALARY","PRY_10YREXP","USD","A",2012,39437
"ESP","TEACHERSALARY","PRY_15YREXP","USD","A",2012,41862
"ESP","TEACHERSALARY","PRY_START","USD","A",2012,36268
"ESP","TEACHERSALARY","PRY_TOP","USD","A",2012,51341
"SWE","TEACHERSALARY","PRY_10YREXP","USD","A",2012,34070
"SWE","TEACHERSALARY","PRY_15YREXP","USD","A",2012,35115
"SWE","TEACHERSALARY","PRY_START","USD","A",2012,30695
"SWE","TEACHERSALARY","PRY_TOP","USD","A",2012,40709
"CHE","TEACHERSALARY","PRY_10YREXP","USD","A",2012,61279
"CHE","TEACHERSALARY","PRY_START","USD","A",2012,48904
"CHE","TEACHERSALARY","PRY_TOP","USD","A",2012,75575
"TUR","TEACHERSALARY","PRY_10YREXP","USD","A",2012,25632
"TUR","TEACHERSALARY","PRY_15YREXP","USD","A",2012,26678
"TUR","TEACHERSALARY","PRY_START","USD","A",2012,24834
"TUR","TEACHERSALARY","PRY_TOP","USD","A",2012,28818
"USA","TEACHERSALARY","PRY_10YREXP","USD","A",2012,44995
"USA","TEACHERSALARY","PRY_15YREXP","USD","A",2012,45998
"USA","TEACHERSALARY","PRY_START","USD","A",2012,36333
"USA","TEACHERSALARY","PRY_TOP","USD","A",2012,58793
"BRA","TEACHERSALARY","PRY_START","USD","A",2012,10375
"CHL","TEACHERSALARY","PRY_10YREXP","USD","A",2012,22742
"CHL","TEACHERSALARY","PRY_15YREXP","USD","A",2012,24725
"CHL","TEACHERSALARY","PRY_START","USD","A",2012,17770
"CHL","TEACHERSALARY","PRY_TOP","USD","A",2012,32656
"EST","TEACHERSALARY","PRY_10YREXP","USD","A",2012,12525
"EST","TEACHERSALARY","PRY_15YREXP","USD","A",2012,12525
"EST","TEACHERSALARY","PRY_START","USD","A",2012,11828
"EST","TEACHERSALARY","PRY_TOP","USD","A",2012,17288
"IDN","TEACHERSALARY","PRY_15YREXP","USD","A",2012,1974
"IDN","TEACHERSALARY","PRY_START","USD","A",2012,1560
"IDN","TEACHERSALARY","PRY_TOP","USD","A",2012,2249
"ISR","TEACHERSALARY","PRY_10YREXP","USD","A",2012,26181
"ISR","TEACHERSALARY","PRY_15YREXP","USD","A",2012,29413
"ISR","TEACHERSALARY","PRY_START","USD","A",2012,19680
"ISR","TEACHERSALARY","PRY_TOP","USD","A",2012,41318
"SVN","TEACHERSALARY","PRY_10YREXP","USD","A",2012,29958
"SVN","TEACHERSALARY","PRY_15YREXP","USD","A",2012,32819
"SVN","TEACHERSALARY","PRY_START","USD","A",2012,27006
"SVN","TEACHERSALARY","PRY_TOP","USD","A",2012,34476
"OAVG","TEACHERSALARY","PRY_10YREXP","USD","A",2012,36846
"OAVG","TEACHERSALARY","PRY_15YREXP","USD","A",2012,39024
"OAVG","TEACHERSALARY","PRY_START","USD","A",2012,29411
"OAVG","TEACHERSALARY","PRY_TOP","USD","A",2012,46909
"AUS","TEACHERSALARY","LOWSRY_15YREXP","IDX2005","A",2000,92
"AUS","TEACHERSALARY","LOWSRY_15YREXP","IDX2005","A",2005,100
"AUS","TEACHERSALARY","LOWSRY_15YREXP","IDX2005","A",2006,97
"AUS","TEACHERSALARY","LOWSRY_15YREXP","IDX2005","A",2007,98
"AUS","TEACHERSALARY","LOWSRY_15YREXP","IDX2005","A",2008,102
"AUS","TEACHERSALARY","LOWSRY_15YREXP","IDX2005","A",2009,100
"AUS","TEACHERSALARY","LOWSRY_15YREXP","IDX2005","A",2010,102
"AUS","TEACHERSALARY","LOWSRY_15YREXP","IDX2005","A",2011,105
"AUS","TEACHERSALARY","LOWSRY_15YREXP","IDX2005","A",2012,105
"AUS","TEACHERSALARY","PRY_15YREXP","IDX2005","A",2000,92
"AUS","TEACHERSALARY","PRY_15YREXP","IDX2005","A",2005,100
"AUS","TEACHERSALARY","PRY_15YREXP","IDX2005","A",2006,96
"AUS","TEACHERSALARY","PRY_15YREXP","IDX2005","A",2007,97
"AUS","TEACHERSALARY","PRY_15YREXP","IDX2005","A",2008,100
"AUS","TEACHERSALARY","PRY_15YREXP","IDX2005","A",2009,100
"AUS","TEACHERSALARY","PRY_15YREXP","IDX2005","A",2010,102
"AUS","TEACHERSALARY","PRY_15YREXP","IDX2005","A",2011,104
"AUS","TEACHERSALARY","PRY_15YREXP","IDX2005","A",2012,104
"AUS","TEACHERSALARY","UPPSRY_15YREXP","IDX2005","A",2000,92
"AUS","TEACHERSALARY","UPPSRY_15YREXP","IDX2005","A",2005,100
"AUS","TEACHERSALARY","UPPSRY_15YREXP","IDX2005","A",2006,97
"AUS","TEACHERSALARY","UPPSRY_15YREXP","IDX2005","A",2007,98
"AUS","TEACHERSALARY","UPPSRY_15YREXP","IDX2005","A",2008,102
"AUS","TEACHERSALARY","UPPSRY_15YREXP","IDX2005","A",2009,100
"AUS","TEACHERSALARY","UPPSRY_15YREXP","IDX2005","A",2010,102
"AUS","TEACHERSALARY","UPPSRY_15YREXP","IDX2005","A",2011,105
"AUS","TEACHERSALARY","UPPSRY_15YREXP","IDX2005","A",2012,105
"AUT","TEACHERSALARY","LOWSRY_15YREXP","IDX2005","A",2000,94
"AUT","TEACHERSALARY","LOWSRY_15YREXP","IDX2005","A",2005,100
"AUT","TEACHERSALARY","LOWSRY_15YREXP","IDX2005","A",2006,101
"AUT","TEACHERSALARY","LOWSRY_15YREXP","IDX2005","A",2007,102
"AUT","TEACHERSALARY","LOWSRY_15YREXP","IDX2005","A",2008,102
"AUT","TEACHERSALARY","LOWSRY_15YREXP","IDX2005","A",2009,104
"AUT","TEACHERSALARY","LOWSRY_15YREXP","IDX2005","A",2010,105
"AUT","TEACHERSALARY","LOWSRY_15YREXP","IDX2005","A",2011,103
"AUT","TEACHERSALARY","LOWSRY_15YREXP","IDX2005","A",2012,102
"AUT","TEACHERSALARY","PRY_15YREXP","IDX2005","A",2000,90
"AUT","TEACHERSALARY","PRY_15YREXP","IDX2005","A",2005,100
"AUT","TEACHERSALARY","PRY_15YREXP","IDX2005","A",2006,100
"AUT","TEACHERSALARY","PRY_15YREXP","IDX2005","A",2007,101
"AUT","TEACHERSALARY","PRY_15YREXP","IDX2005","A",2008,101
"AUT","TEACHERSALARY","PRY_15YREXP","IDX2005","A",2009,103
"AUT","TEACHERSALARY","PRY_15YREXP","IDX2005","A",2010,104
"AUT","TEACHERSALARY","PRY_15YREXP","IDX2005","A",2011,102
"AUT","TEACHERSALARY","PRY_15YREXP","IDX2005","A",2012,101
"AUT","TEACHERSALARY","UPPSRY_15YREXP","IDX2005","A",2000,87
"AUT","TEACHERSALARY","UPPSRY_15YREXP","IDX2005","A",2005,100
"AUT","TEACHERSALARY","UPPSRY_15YREXP","IDX2005","A",2006,100
"AUT","TEACHERSALARY","UPPSRY_15YREXP","IDX2005","A",2007,101
"AUT","TEACHERSALARY","UPPSRY_15YREXP","IDX2005","A",2008,101
"AUT","TEACHERSALARY","UPPSRY_15YREXP","IDX2005","A",2009,103
"AUT","TEACHERSALARY","UPPSRY_15YREXP","IDX2005","A",2010,104
"AUT","TEACHERSALARY","UPPSRY_15YREXP","IDX2005","A",2011,102
"AUT","TEACHERSALARY","UPPSRY_15YREXP","IDX2005","A",2012,102
"CZE","TEACHERSALARY","LOWSRY_15YREXP","IDX2005","A",2000,66
"CZE","TEACHERSALARY","LOWSRY_15YREXP","IDX2005","A",2005,100
"CZE","TEACHERSALARY","LOWSRY_15YREXP","IDX2005","A",2006,100
"CZE","TEACHERSALARY","LOWSRY_15YREXP","IDX2005","A",2007,123
"CZE","TEACHERSALARY","LOWSRY_15YREXP","IDX2005","A",2008,123
"CZE","TEACHERSALARY","LOWSRY_15YREXP","IDX2005","A",2009,123
"CZE","TEACHERSALARY","LOWSRY_15YREXP","IDX2005","A",2010,118
"CZE","TEACHERSALARY","LOWSRY_15YREXP","IDX2005","A",2011,119
"CZE","TEACHERSALARY","LOWSRY_15YREXP","IDX2005","A",2012,104
"CZE","TEACHERSALARY","PRY_15YREXP","IDX2005","A",2000,56
"CZE","TEACHERSALARY","PRY_15YREXP","IDX2005","A",2005,100
"CZE","TEACHERSALARY","PRY_15YREXP","IDX2005","A",2006,101
"CZE","TEACHERSALARY","PRY_15YREXP","IDX2005","A",2007,117
"CZE","TEACHERSALARY","PRY_15YREXP","IDX2005","A",2008,115
"CZE","TEACHERSALARY","PRY_15YREXP","IDX2005","A",2009,117
"CZE","TEACHERSALARY","PRY_15YREXP","IDX2005","A",2010,112
"CZE","TEACHERSALARY","PRY_15YREXP","IDX2005","A",2011,112
"CZE","TEACHERSALARY","PRY_15YREXP","IDX2005","A",2012,102
"CZE","TEACHERSALARY","UPPSRY_15YREXP","IDX2005","A",2000,56
"CZE","TEACHERSALARY","UPPSRY_15YREXP","IDX2005","A",2005,100
"CZE","TEACHERSALARY","UPPSRY_15YREXP","IDX2005","A",2006,101
"CZE","TEACHERSALARY","UPPSRY_15YREXP","IDX2005","A",2007,117
"CZE","TEACHERSALARY","UPPSRY_15YREXP","IDX2005","A",2008,117
"CZE","TEACHERSALARY","UPPSRY_15YREXP","IDX2005","A",2009,120
"CZE","TEACHERSALARY","UPPSRY_15YREXP","IDX2005","A",2010,114
"CZE","TEACHERSALARY","UPPSRY_15YREXP","IDX2005","A",2011,113
"CZE","TEACHERSALARY","UPPSRY_15YREXP","IDX2005","A",2012,103
"DNK","TEACHERSALARY","LOWSRY_15YREXP","IDX2005","A",2000,90
"DNK","TEACHERSALARY","LOWSRY_15YREXP","IDX2005","A",2005,100
"DNK","TEACHERSALARY","LOWSRY_15YREXP","IDX2005","A",2006,103
"DNK","TEACHERSALARY","LOWSRY_15YREXP","IDX2005","A",2007,101
"DNK","TEACHERSALARY","LOWSRY_15YREXP","IDX2005","A",2008,103
"DNK","TEACHERSALARY","LOWSRY_15YREXP","IDX2005","A",2009,114
"DNK","TEACHERSALARY","LOWSRY_15YREXP","IDX2005","A",2010,114
"DNK","TEACHERSALARY","LOWSRY_15YREXP","IDX2005","A",2011,111
"DNK","TEACHERSALARY","LOWSRY_15YREXP","IDX2005","A",2012,108
"DNK","TEACHERSALARY","PRY_15YREXP","IDX2005","A",2000,94
"DNK","TEACHERSALARY","PRY_15YREXP","IDX2005","A",2005,100
"DNK","TEACHERSALARY","PRY_15YREXP","IDX2005","A",2006,101
"DNK","TEACHERSALARY","PRY_15YREXP","IDX2005","A",2007,101
"DNK","TEACHERSALARY","PRY_15YREXP","IDX2005","A",2008,104
"DNK","TEACHERSALARY","PRY_15YREXP","IDX2005","A",2009,122
"DNK","TEACHERSALARY","PRY_15YREXP","IDX2005","A",2010,119
"DNK","TEACHERSALARY","PRY_15YREXP","IDX2005","A",2011,116
"DNK","TEACHERSALARY","PRY_15YREXP","IDX2005","A",2012,114
"DNK","TEACHERSALARY","UPPSRY_15YREXP","IDX2005","A",2000,94
"DNK","TEACHERSALARY","UPPSRY_15YREXP","IDX2005","A",2005,100
"DNK","TEACHERSALARY","UPPSRY_15YREXP","IDX2005","A",2006,101
"DNK","TEACHERSALARY","UPPSRY_15YREXP","IDX2005","A",2007,101
"DNK","TEACHERSALARY","UPPSRY_15YREXP","IDX2005","A",2008,104
"DNK","TEACHERSALARY","UPPSRY_15YREXP","IDX2005","A",2009,122
"DNK","TEACHERSALARY","UPPSRY_15YREXP","IDX2005","A",2010,119
"DNK","TEACHERSALARY","UPPSRY_15YREXP","IDX2005","A",2011,116
"DNK","TEACHERSALARY","UPPSRY_15YREXP","IDX2005","A",2012,114
"FIN","TEACHERSALARY","LOWSRY_15YREXP","IDX2005","A",2000,91
"FIN","TEACHERSALARY","LOWSRY_15YREXP","IDX2005","A",2005,100
"FIN","TEACHERSALARY","LOWSRY_15YREXP","IDX2005","A",2006,101
"FIN","TEACHERSALARY","LOWSRY_15YREXP","IDX2005","A",2007,103
"FIN","TEACHERSALARY","LOWSRY_15YREXP","IDX2005","A",2008,103
"FIN","TEACHERSALARY","LOWSRY_15YREXP","IDX2005","A",2009,103
"FIN","TEACHERSALARY","LOWSRY_15YREXP","IDX2005","A",2010,102
"FIN","TEACHERSALARY","LOWSRY_15YREXP","IDX2005","A",2011,101
"FIN","TEACHERSALARY","LOWSRY_15YREXP","IDX2005","A",2012,101
"FIN","TEACHERSALARY","PRY_15YREXP","IDX2005","A",2000,86
"FIN","TEACHERSALARY","PRY_15YREXP","IDX2005","A",2005,100
"FIN","TEACHERSALARY","PRY_15YREXP","IDX2005","A",2006,101
"FIN","TEACHERSALARY","PRY_15YREXP","IDX2005","A",2007,103
"FIN","TEACHERSALARY","PRY_15YREXP","IDX2005","A",2008,104
"FIN","TEACHERSALARY","PRY_15YREXP","IDX2005","A",2009,104
"FIN","TEACHERSALARY","PRY_15YREXP","IDX2005","A",2010,103
"FIN","TEACHERSALARY","PRY_15YREXP","IDX2005","A",2011,102
"FIN","TEACHERSALARY","PRY_15YREXP","IDX2005","A",2012,100
"FIN","TEACHERSALARY","UPPSRY_15YREXP","IDX2005","A",2000,92
"FIN","TEACHERSALARY","UPPSRY_15YREXP","IDX2005","A",2005,100
"FIN","TEACHERSALARY","UPPSRY_15YREXP","IDX2005","A",2006,101
"FIN","TEACHERSALARY","UPPSRY_15YREXP","IDX2005","A",2007,103
"FIN","TEACHERSALARY","UPPSRY_15YREXP","IDX2005","A",2008,103
"FIN","TEACHERSALARY","UPPSRY_15YREXP","IDX2005","A",2009,103
"FIN","TEACHERSALARY","UPPSRY_15YREXP","IDX2005","A",2010,102
"FIN","TEACHERSALARY","UPPSRY_15YREXP","IDX2005","A",2011,101
"FIN","TEACHERSALARY","UPPSRY_15YREXP","IDX2005","A",2012,100
"FRA","TEACHERSALARY","LOWSRY_15YREXP","IDX2005","A",2000,104
"FRA","TEACHERSALARY","LOWSRY_15YREXP","IDX2005","A",2005,100
"FRA","TEACHERSALARY","LOWSRY_15YREXP","IDX2005","A",2006,99
"FRA","TEACHERSALARY","LOWSRY_15YREXP","IDX2005","A",2007,98
"FRA","TEACHERSALARY","LOWSRY_15YREXP","IDX2005","A",2008,96
"FRA","TEACHERSALARY","LOWSRY_15YREXP","IDX2005","A",2009,96
"FRA","TEACHERSALARY","LOWSRY_15YREXP","IDX2005","A",2010,97
"FRA","TEACHERSALARY","LOWSRY_15YREXP","IDX2005","A",2011,97
"FRA","TEACHERSALARY","LOWSRY_15YREXP","IDX2005","A",2012,95
"FRA","TEACHERSALARY","PRY_15YREXP","IDX2005","A",2000,105
"FRA","TEACHERSALARY","PRY_15YREXP","IDX2005","A",2005,100
"FRA","TEACHERSALARY","PRY_15YREXP","IDX2005","A",2006,99
"FRA","TEACHERSALARY","PRY_15YREXP","IDX2005","A",2007,98
"FRA","TEACHERSALARY","PRY_15YREXP","IDX2005","A",2008,97
"FRA","TEACHERSALARY","PRY_15YREXP","IDX2005","A",2009,96
"FRA","TEACHERSALARY","PRY_15YREXP","IDX2005","A",2010,97
"FRA","TEACHERSALARY","PRY_15YREXP","IDX2005","A",2011,96
"FRA","TEACHERSALARY","PRY_15YREXP","IDX2005","A",2012,94
"FRA","TEACHERSALARY","UPPSRY_15YREXP","IDX2005","A",2000,105
"FRA","TEACHERSALARY","UPPSRY_15YREXP","IDX2005","A",2005,100
"FRA","TEACHERSALARY","UPPSRY_15YREXP","IDX2005","A",2006,99
"FRA","TEACHERSALARY","UPPSRY_15YREXP","IDX2005","A",2007,98
"FRA","TEACHERSALARY","UPPSRY_15YREXP","IDX2005","A",2008,96
"FRA","TEACHERSALARY","UPPSRY_15YREXP","IDX2005","A",2009,96
"FRA","TEACHERSALARY","UPPSRY_15YREXP","IDX2005","A",2010,97
"FRA","TEACHERSALARY","UPPSRY_15YREXP","IDX2005","A",2011,97
"FRA","TEACHERSALARY","UPPSRY_15YREXP","IDX2005","A",2012,95
"GRC","TEACHERSALARY","LOWSRY_15YREXP","IDX2005","A",2000,89
"GRC","TEACHERSALARY","LOWSRY_15YREXP","IDX2005","A",2005,100
"GRC","TEACHERSALARY","LOWSRY_15YREXP","IDX2005","A",2006,100
"GRC","TEACHERSALARY","LOWSRY_15YREXP","IDX2005","A",2007,101
"GRC","TEACHERSALARY","LOWSRY_15YREXP","IDX2005","A",2008,103
"GRC","TEACHERSALARY","LOWSRY_15YREXP","IDX2005","A",2009,104
"GRC","TEACHERSALARY","LOWSRY_15YREXP","IDX2005","A",2010,92
"GRC","TEACHERSALARY","LOWSRY_15YREXP","IDX2005","A",2011,86
"GRC","TEACHERSALARY","LOWSRY_15YREXP","IDX2005","A",2012,77
"GRC","TEACHERSALARY","PRY_15YREXP","IDX2005","A",2000,89
"GRC","TEACHERSALARY","PRY_15YREXP","IDX2005","A",2005,100
"GRC","TEACHERSALARY","PRY_15YREXP","IDX2005","A",2006,100
"GRC","TEACHERSALARY","PRY_15YREXP","IDX2005","A",2007,101
"GRC","TEACHERSALARY","PRY_15YREXP","IDX2005","A",2008,103
"GRC","TEACHERSALARY","PRY_15YREXP","IDX2005","A",2009,104
"GRC","TEACHERSALARY","PRY_15YREXP","IDX2005","A",2010,92
"GRC","TEACHERSALARY","PRY_15YREXP","IDX2005","A",2011,86
"GRC","TEACHERSALARY","PRY_15YREXP","IDX2005","A",2012,77
"GRC","TEACHERSALARY","UPPSRY_15YREXP","IDX2005","A",2000,89
"GRC","TEACHERSALARY","UPPSRY_15YREXP","IDX2005","A",2005,100
"GRC","TEACHERSALARY","UPPSRY_15YREXP","IDX2005","A",2006,100
"GRC","TEACHERSALARY","UPPSRY_15YREXP","IDX2005","A",2007,101
"GRC","TEACHERSALARY","UPPSRY_15YREXP","IDX2005","A",2008,103
"GRC","TEACHERSALARY","UPPSRY_15YREXP","IDX2005","A",2009,104
"GRC","TEACHERSALARY","UPPSRY_15YREXP","IDX2005","A",2010,92
"GRC","TEACHERSALARY","UPPSRY_15YREXP","IDX2005","A",2011,86
"GRC","TEACHERSALARY","UPPSRY_15YREXP","IDX2005","A",2012,77
"HUN","TEACHERSALARY","LOWSRY_15YREXP","IDX2005","A",2000,63
"HUN","TEACHERSALARY","LOWSRY_15YREXP","IDX2005","A",2005,100
"HUN","TEACHERSALARY","LOWSRY_15YREXP","IDX2005","A",2006,94
"HUN","TEACHERSALARY","LOWSRY_15YREXP","IDX2005","A",2007,93
"HUN","TEACHERSALARY","LOWSRY_15YREXP","IDX2005","A",2008,88
"HUN","TEACHERSALARY","LOWSRY_15YREXP","IDX2005","A",2009,78
"HUN","TEACHERSALARY","LOWSRY_15YREXP","IDX2005","A",2010,74
"HUN","TEACHERSALARY","LOWSRY_15YREXP","IDX2005","A",2011,71
"HUN","TEACHERSALARY","LOWSRY_15YREXP","IDX2005","A",2012,65
"HUN","TEACHERSALARY","PRY_15YREXP","IDX2005","A",2000,63
"HUN","TEACHERSALARY","PRY_15YREXP","IDX2005","A",2005,100
"HUN","TEACHERSALARY","PRY_15YREXP","IDX2005","A",2006,98
"HUN","TEACHERSALARY","PRY_15YREXP","IDX2005","A",2007,93
"HUN","TEACHERSALARY","PRY_15YREXP","IDX2005","A",2008,92
"HUN","TEACHERSALARY","PRY_15YREXP","IDX2005","A",2009,81
"HUN","TEACHERSALARY","PRY_15YREXP","IDX2005","A",2010,78
"HUN","TEACHERSALARY","PRY_15YREXP","IDX2005","A",2011,75
"HUN","TEACHERSALARY","PRY_15YREXP","IDX2005","A",2012,71
"HUN","TEACHERSALARY","UPPSRY_15YREXP","IDX2005","A",2000,63
"HUN","TEACHERSALARY","UPPSRY_15YREXP","IDX2005","A",2005,100
"HUN","TEACHERSALARY","UPPSRY_15YREXP","IDX2005","A",2006,98
"HUN","TEACHERSALARY","UPPSRY_15YREXP","IDX2005","A",2007,93
"HUN","TEACHERSALARY","UPPSRY_15YREXP","IDX2005","A",2008,92
"HUN","TEACHERSALARY","UPPSRY_15YREXP","IDX2005","A",2009,81
"HUN","TEACHERSALARY","UPPSRY_15YREXP","IDX2005","A",2010,78
"HUN","TEACHERSALARY","UPPSRY_15YREXP","IDX2005","A",2011,75
"HUN","TEACHERSALARY","UPPSRY_15YREXP","IDX2005","A",2012,71
"ISL","TEACHERSALARY","LOWSRY_15YREXP","IDX2005","A",2000,90
"ISL","TEACHERSALARY","LOWSRY_15YREXP","IDX2005","A",2005,100
"ISL","TEACHERSALARY","LOWSRY_15YREXP","IDX2005","A",2006,109
"ISL","TEACHERSALARY","LOWSRY_15YREXP","IDX2005","A",2007,108
"ISL","TEACHERSALARY","LOWSRY_15YREXP","IDX2005","A",2008,105
"ISL","TEACHERSALARY","LOWSRY_15YREXP","IDX2005","A",2009,96
"ISL","TEACHERSALARY","LOWSRY_15YREXP","IDX2005","A",2010,89
"ISL","TEACHERSALARY","LOWSRY_15YREXP","IDX2005","A",2011,86
"ISL","TEACHERSALARY","LOWSRY_15YREXP","IDX2005","A",2012,87
"ISL","TEACHERSALARY","PRY_15YREXP","IDX2005","A",2000,89
"ISL","TEACHERSALARY","PRY_15YREXP","IDX2005","A",2005,100
"ISL","TEACHERSALARY","PRY_15YREXP","IDX2005","A",2006,105
"ISL","TEACHERSALARY","PRY_15YREXP","IDX2005","A",2007,99
"ISL","TEACHERSALARY","PRY_15YREXP","IDX2005","A",2008,104
"ISL","TEACHERSALARY","PRY_15YREXP","IDX2005","A",2009,112
"ISL","TEACHERSALARY","PRY_15YREXP","IDX2005","A",2010,103
"ISL","TEACHERSALARY","PRY_15YREXP","IDX2005","A",2011,100
"ISL","TEACHERSALARY","PRY_15YREXP","IDX2005","A",2012,96
"ISL","TEACHERSALARY","UPPSRY_15YREXP","IDX2005","A",2000,89
"ISL","TEACHERSALARY","UPPSRY_15YREXP","IDX2005","A",2005,100
"ISL","TEACHERSALARY","UPPSRY_15YREXP","IDX2005","A",2006,105
"ISL","TEACHERSALARY","UPPSRY_15YREXP","IDX2005","A",2007,99
"ISL","TEACHERSALARY","UPPSRY_15YREXP","IDX2005","A",2008,104
"ISL","TEACHERSALARY","UPPSRY_15YREXP","IDX2005","A",2009,112
"ISL","TEACHERSALARY","UPPSRY_15YREXP","IDX2005","A",2010,103
"ISL","TEACHERSALARY","UPPSRY_15YREXP","IDX2005","A",2011,100
"ISL","TEACHERSALARY","UPPSRY_15YREXP","IDX2005","A",2012,96
"IRL","TEACHERSALARY","LOWSRY_15YREXP","IDX2005","A",2000,87
"IRL","TEACHERSALARY","LOWSRY_15YREXP","IDX2005","A",2005,100
"IRL","TEACHERSALARY","LOWSRY_15YREXP","IDX2005","A",2006,104
"IRL","TEACHERSALARY","LOWSRY_15YREXP","IDX2005","A",2007,107
"IRL","TEACHERSALARY","LOWSRY_15YREXP","IDX2005","A",2008,107
"IRL","TEACHERSALARY","LOWSRY_15YREXP","IDX2005","A",2009,115
"IRL","TEACHERSALARY","LOWSRY_15YREXP","IDX2005","A",2010,115
"IRL","TEACHERSALARY","LOWSRY_15YREXP","IDX2005","A",2011,113
"IRL","TEACHERSALARY","LOWSRY_15YREXP","IDX2005","A",2012,112
"IRL","TEACHERSALARY","PRY_15YREXP","IDX2005","A",2000,86
"IRL","TEACHERSALARY","PRY_15YREXP","IDX2005","A",2005,100
"IRL","TEACHERSALARY","PRY_15YREXP","IDX2005","A",2006,104
"IRL","TEACHERSALARY","PRY_15YREXP","IDX2005","A",2007,107
"IRL","TEACHERSALARY","PRY_15YREXP","IDX2005","A",2008,107
"IRL","TEACHERSALARY","PRY_15YREXP","IDX2005","A",2009,115
"IRL","TEACHERSALARY","PRY_15YREXP","IDX2005","A",2010,115
"IRL","TEACHERSALARY","PRY_15YREXP","IDX2005","A",2011,113
"IRL","TEACHERSALARY","PRY_15YREXP","IDX2005","A",2012,112
"IRL","TEACHERSALARY","UPPSRY_15YREXP","IDX2005","A",2000,87
"IRL","TEACHERSALARY","UPPSRY_15YREXP","IDX2005","A",2005,100
"IRL","TEACHERSALARY","UPPSRY_15YREXP","IDX2005","A",2006,104
"IRL","TEACHERSALARY","UPPSRY_15YREXP","IDX2005","A",2007,107
"IRL","TEACHERSALARY","UPPSRY_15YREXP","IDX2005","A",2008,107
"IRL","TEACHERSALARY","UPPSRY_15YREXP","IDX2005","A",2009,115
"IRL","TEACHERSALARY","UPPSRY_15YREXP","IDX2005","A",2010,115
"IRL","TEACHERSALARY","UPPSRY_15YREXP","IDX2005","A",2011,113
"IRL","TEACHERSALARY","UPPSRY_15YREXP","IDX2005","A",2012,112
"ITA","TEACHERSALARY","LOWSRY_15YREXP","IDX2005","A",2000,95
"ITA","TEACHERSALARY","LOWSRY_15YREXP","IDX2005","A",2005,100
"ITA","TEACHERSALARY","LOWSRY_15YREXP","IDX2005","A",2006,99
"ITA","TEACHERSALARY","LOWSRY_15YREXP","IDX2005","A",2007,97
"ITA","TEACHERSALARY","LOWSRY_15YREXP","IDX2005","A",2008,97
"ITA","TEACHERSALARY","LOWSRY_15YREXP","IDX2005","A",2009,99
"ITA","TEACHERSALARY","LOWSRY_15YREXP","IDX2005","A",2010,100
"ITA","TEACHERSALARY","LOWSRY_15YREXP","IDX2005","A",2011,98
"ITA","TEACHERSALARY","LOWSRY_15YREXP","IDX2005","A",2012,96
"ITA","TEACHERSALARY","PRY_15YREXP","IDX2005","A",2000,94
"ITA","TEACHERSALARY","PRY_15YREXP","IDX2005","A",2005,100
"ITA","TEACHERSALARY","PRY_15YREXP","IDX2005","A",2006,99
"ITA","TEACHERSALARY","PRY_15YREXP","IDX2005","A",2007,97
"ITA","TEACHERSALARY","PRY_15YREXP","IDX2005","A",2008,97
"ITA","TEACHERSALARY","PRY_15YREXP","IDX2005","A",2009,99
"ITA","TEACHERSALARY","PRY_15YREXP","IDX2005","A",2010,100
"ITA","TEACHERSALARY","PRY_15YREXP","IDX2005","A",2011,98
"ITA","TEACHERSALARY","PRY_15YREXP","IDX2005","A",2012,95
"ITA","TEACHERSALARY","UPPSRY_15YREXP","IDX2005","A",2000,95
"ITA","TEACHERSALARY","UPPSRY_15YREXP","IDX2005","A",2005,100
"ITA","TEACHERSALARY","UPPSRY_15YREXP","IDX2005","A",2006,99
"ITA","TEACHERSALARY","UPPSRY_15YREXP","IDX2005","A",2007,97
"ITA","TEACHERSALARY","UPPSRY_15YREXP","IDX2005","A",2008,97
"ITA","TEACHERSALARY","UPPSRY_15YREXP","IDX2005","A",2009,99
"ITA","TEACHERSALARY","UPPSRY_15YREXP","IDX2005","A",2010,100
"ITA","TEACHERSALARY","UPPSRY_15YREXP","IDX2005","A",2011,98
"ITA","TEACHERSALARY","UPPSRY_15YREXP","IDX2005","A",2012,96
"JPN","TEACHERSALARY","LOWSRY_15YREXP","IDX2005","A",2000,101
"JPN","TEACHERSALARY","LOWSRY_15YREXP","IDX2005","A",2005,100
"JPN","TEACHERSALARY","LOWSRY_15YREXP","IDX2005","A",2006,100
"JPN","TEACHERSALARY","LOWSRY_15YREXP","IDX2005","A",2007,96
"JPN","TEACHERSALARY","LOWSRY_15YREXP","IDX2005","A",2008,93
"JPN","TEACHERSALARY","LOWSRY_15YREXP","IDX2005","A",2009,94
"JPN","TEACHERSALARY","LOWSRY_15YREXP","IDX2005","A",2010,93
"JPN","TEACHERSALARY","LOWSRY_15YREXP","IDX2005","A",2011,93
"JPN","TEACHERSALARY","LOWSRY_15YREXP","IDX2005","A",2012,93
"JPN","TEACHERSALARY","PRY_15YREXP","IDX2005","A",2000,101
"JPN","TEACHERSALARY","PRY_15YREXP","IDX2005","A",2005,100
"JPN","TEACHERSALARY","PRY_15YREXP","IDX2005","A",2006,100
"JPN","TEACHERSALARY","PRY_15YREXP","IDX2005","A",2007,96
"JPN","TEACHERSALARY","PRY_15YREXP","IDX2005","A",2008,93
"JPN","TEACHERSALARY","PRY_15YREXP","IDX2005","A",2009,94
"JPN","TEACHERSALARY","PRY_15YREXP","IDX2005","A",2010,93
"JPN","TEACHERSALARY","PRY_15YREXP","IDX2005","A",2011,93
"JPN","TEACHERSALARY","PRY_15YREXP","IDX2005","A",2012,93
"JPN","TEACHERSALARY","UPPSRY_15YREXP","IDX2005","A",2000,101
"JPN","TEACHERSALARY","UPPSRY_15YREXP","IDX2005","A",2005,100
"JPN","TEACHERSALARY","UPPSRY_15YREXP","IDX2005","A",2006,100
"JPN","TEACHERSALARY","UPPSRY_15YREXP","IDX2005","A",2007,96
"JPN","TEACHERSALARY","UPPSRY_15YREXP","IDX2005","A",2008,93
"JPN","TEACHERSALARY","UPPSRY_15YREXP","IDX2005","A",2009,94
"JPN","TEACHERSALARY","UPPSRY_15YREXP","IDX2005","A",2010,93
"JPN","TEACHERSALARY","UPPSRY_15YREXP","IDX2005","A",2011,93
"JPN","TEACHERSALARY","UPPSRY_15YREXP","IDX2005","A",2012,93
"KOR","TEACHERSALARY","LOWSRY_15YREXP","IDX2005","A",2000,80
"KOR","TEACHERSALARY","LOWSRY_15YREXP","IDX2005","A",2005,100
"KOR","TEACHERSALARY","LOWSRY_15YREXP","IDX2005","A",2006,101
"KOR","TEACHERSALARY","LOWSRY_15YREXP","IDX2005","A",2007,101
"KOR","TEACHERSALARY","LOWSRY_15YREXP","IDX2005","A",2008,99
"KOR","TEACHERSALARY","LOWSRY_15YREXP","IDX2005","A",2009,95
"KOR","TEACHERSALARY","LOWSRY_15YREXP","IDX2005","A",2010,93
"KOR","TEACHERSALARY","LOWSRY_15YREXP","IDX2005","A",2011,95
"KOR","TEACHERSALARY","LOWSRY_15YREXP","IDX2005","A",2012,96
"KOR","TEACHERSALARY","PRY_15YREXP","IDX2005","A",2000,80
"KOR","TEACHERSALARY","PRY_15YREXP","IDX2005","A",2005,100
"KOR","TEACHERSALARY","PRY_15YREXP","IDX2005","A",2006,101
"KOR","TEACHERSALARY","PRY_15YREXP","IDX2005","A",2007,101
"KOR","TEACHERSALARY","PRY_15YREXP","IDX2005","A",2008,99
"KOR","TEACHERSALARY","PRY_15YREXP","IDX2005","A",2009,95
"KOR","TEACHERSALARY","PRY_15YREXP","IDX2005","A",2010,93
"KOR","TEACHERSALARY","PRY_15YREXP","IDX2005","A",2011,95
"KOR","TEACHERSALARY","PRY_15YREXP","IDX2005","A",2012,95
"KOR","TEACHERSALARY","UPPSRY_15YREXP","IDX2005","A",2000,80
"KOR","TEACHERSALARY","UPPSRY_15YREXP","IDX2005","A",2005,100
"KOR","TEACHERSALARY","UPPSRY_15YREXP","IDX2005","A",2006,101
"KOR","TEACHERSALARY","UPPSRY_15YREXP","IDX2005","A",2007,101
"KOR","TEACHERSALARY","UPPSRY_15YREXP","IDX2005","A",2008,99
"KOR","TEACHERSALARY","UPPSRY_15YREXP","IDX2005","A",2009,95
"KOR","TEACHERSALARY","UPPSRY_15YREXP","IDX2005","A",2010,93
"KOR","TEACHERSALARY","UPPSRY_15YREXP","IDX2005","A",2011,95
"KOR","TEACHERSALARY","UPPSRY_15YREXP","IDX2005","A",2012,96
"LUX","TEACHERSALARY","LOWSRY_15YREXP","IDX2005","A",2005,100
"LUX","TEACHERSALARY","LOWSRY_15YREXP","IDX2005","A",2006,100
"LUX","TEACHERSALARY","LOWSRY_15YREXP","IDX2005","A",2007,100
"LUX","TEACHERSALARY","LOWSRY_15YREXP","IDX2005","A",2008,107
"LUX","TEACHERSALARY","LOWSRY_15YREXP","IDX2005","A",2009,113
"LUX","TEACHERSALARY","LOWSRY_15YREXP","IDX2005","A",2010,110
"LUX","TEACHERSALARY","LOWSRY_15YREXP","IDX2005","A",2011,108
"LUX","TEACHERSALARY","LOWSRY_15YREXP","IDX2005","A",2012,110
"LUX","TEACHERSALARY","PRY_15YREXP","IDX2005","A",2005,100
"LUX","TEACHERSALARY","PRY_15YREXP","IDX2005","A",2006,100
"LUX","TEACHERSALARY","PRY_15YREXP","IDX2005","A",2007,100
"LUX","TEACHERSALARY","PRY_15YREXP","IDX2005","A",2008,96
"LUX","TEACHERSALARY","PRY_15YREXP","IDX2005","A",2009,98
"LUX","TEACHERSALARY","PRY_15YREXP","IDX2005","A",2010,134
"LUX","TEACHERSALARY","PRY_15YREXP","IDX2005","A",2011,131
"LUX","TEACHERSALARY","PRY_15YREXP","IDX2005","A",2012,135
"LUX","TEACHERSALARY","UPPSRY_15YREXP","IDX2005","A",2005,100
"LUX","TEACHERSALARY","UPPSRY_15YREXP","IDX2005","A",2006,100
"LUX","TEACHERSALARY","UPPSRY_15YREXP","IDX2005","A",2007,100
"LUX","TEACHERSALARY","UPPSRY_15YREXP","IDX2005","A",2008,107
"LUX","TEACHERSALARY","UPPSRY_15YREXP","IDX2005","A",2009,113
"LUX","TEACHERSALARY","UPPSRY_15YREXP","IDX2005","A",2010,110
"LUX","TEACHERSALARY","UPPSRY_15YREXP","IDX2005","A",2011,108
"LUX","TEACHERSALARY","UPPSRY_15YREXP","IDX2005","A",2012,110
"MEX","TEACHERSALARY","PRY_15YREXP","IDX2005","A",2000,96
"MEX","TEACHERSALARY","PRY_15YREXP","IDX2005","A",2005,100
"MEX","TEACHERSALARY","PRY_15YREXP","IDX2005","A",2006,102
"MEX","TEACHERSALARY","PRY_15YREXP","IDX2005","A",2007,103
"MEX","TEACHERSALARY","PRY_15YREXP","IDX2005","A",2008,104
"MEX","TEACHERSALARY","PRY_15YREXP","IDX2005","A",2009,103
"MEX","TEACHERSALARY","PRY_15YREXP","IDX2005","A",2010,103
"MEX","TEACHERSALARY","PRY_15YREXP","IDX2005","A",2011,107
"MEX","TEACHERSALARY","PRY_15YREXP","IDX2005","A",2012,107
"MEX","TEACHERSALARY","UPPSRY_15YREXP","IDX2005","A",2000,95
"MEX","TEACHERSALARY","UPPSRY_15YREXP","IDX2005","A",2005,100
"MEX","TEACHERSALARY","UPPSRY_15YREXP","IDX2005","A",2006,102
"MEX","TEACHERSALARY","UPPSRY_15YREXP","IDX2005","A",2007,103
"MEX","TEACHERSALARY","UPPSRY_15YREXP","IDX2005","A",2008,104
"MEX","TEACHERSALARY","UPPSRY_15YREXP","IDX2005","A",2009,103
"MEX","TEACHERSALARY","UPPSRY_15YREXP","IDX2005","A",2010,104
"MEX","TEACHERSALARY","UPPSRY_15YREXP","IDX2005","A",2011,107
"MEX","TEACHERSALARY","UPPSRY_15YREXP","IDX2005","A",2012,109
"NZL","TEACHERSALARY","LOWSRY_15YREXP","IDX2005","A",2000,97
"NZL","TEACHERSALARY","LOWSRY_15YREXP","IDX2005","A",2005,100
"NZL","TEACHERSALARY","LOWSRY_15YREXP","IDX2005","A",2006,101
"NZL","TEACHERSALARY","LOWSRY_15YREXP","IDX2005","A",2007,101
"NZL","TEACHERSALARY","LOWSRY_15YREXP","IDX2005","A",2008,103
"NZL","TEACHERSALARY","LOWSRY_15YREXP","IDX2005","A",2009,103
"NZL","TEACHERSALARY","LOWSRY_15YREXP","IDX2005","A",2010,111
"NZL","TEACHERSALARY","LOWSRY_15YREXP","IDX2005","A",2011,108
"NZL","TEACHERSALARY","LOWSRY_15YREXP","IDX2005","A",2012,110
"NZL","TEACHERSALARY","PRY_15YREXP","IDX2005","A",2000,97
"NZL","TEACHERSALARY","PRY_15YREXP","IDX2005","A",2005,100
"NZL","TEACHERSALARY","PRY_15YREXP","IDX2005","A",2006,101
"NZL","TEACHERSALARY","PRY_15YREXP","IDX2005","A",2007,101
"NZL","TEACHERSALARY","PRY_15YREXP","IDX2005","A",2008,103
"NZL","TEACHERSALARY","PRY_15YREXP","IDX2005","A",2009,103
"NZL","TEACHERSALARY","PRY_15YREXP","IDX2005","A",2010,105
"NZL","TEACHERSALARY","PRY_15YREXP","IDX2005","A",2011,106
"NZL","TEACHERSALARY","PRY_15YREXP","IDX2005","A",2012,104
"NZL","TEACHERSALARY","UPPSRY_15YREXP","IDX2005","A",2000,97
"NZL","TEACHERSALARY","UPPSRY_15YREXP","IDX2005","A",2005,100
"NZL","TEACHERSALARY","UPPSRY_15YREXP","IDX2005","A",2006,101
"NZL","TEACHERSALARY","UPPSRY_15YREXP","IDX2005","A",2007,101
"NZL","TEACHERSALARY","UPPSRY_15YREXP","IDX2005","A",2008,103
"NZL","TEACHERSALARY","UPPSRY_15YREXP","IDX2005","A",2009,103
"NZL","TEACHERSALARY","UPPSRY_15YREXP","IDX2005","A",2010,108
"NZL","TEACHERSALARY","UPPSRY_15YREXP","IDX2005","A",2011,107
"NZL","TEACHERSALARY","UPPSRY_15YREXP","IDX2005","A",2012,109
"NOR","TEACHERSALARY","LOWSRY_15YREXP","IDX2005","A",2005,100
"NOR","TEACHERSALARY","LOWSRY_15YREXP","IDX2005","A",2006,99
"NOR","TEACHERSALARY","LOWSRY_15YREXP","IDX2005","A",2007,101
"NOR","TEACHERSALARY","LOWSRY_15YREXP","IDX2005","A",2008,103
"NOR","TEACHERSALARY","LOWSRY_15YREXP","IDX2005","A",2009,104
"NOR","TEACHERSALARY","LOWSRY_15YREXP","IDX2005","A",2010,106
"NOR","TEACHERSALARY","LOWSRY_15YREXP","IDX2005","A",2011,110
"NOR","TEACHERSALARY","LOWSRY_15YREXP","IDX2005","A",2012,110
"NOR","TEACHERSALARY","PRY_15YREXP","IDX2005","A",2005,100
"NOR","TEACHERSALARY","PRY_15YREXP","IDX2005","A",2006,100
"NOR","TEACHERSALARY","PRY_15YREXP","IDX2005","A",2007,101
"NOR","TEACHERSALARY","PRY_15YREXP","IDX2005","A",2008,103
"NOR","TEACHERSALARY","PRY_15YREXP","IDX2005","A",2009,103
"NOR","TEACHERSALARY","PRY_15YREXP","IDX2005","A",2010,104
"NOR","TEACHERSALARY","PRY_15YREXP","IDX2005","A",2011,108
"NOR","TEACHERSALARY","PRY_15YREXP","IDX2005","A",2012,109
"NOR","TEACHERSALARY","UPPSRY_15YREXP","IDX2005","A",2005,100
"NOR","TEACHERSALARY","UPPSRY_15YREXP","IDX2005","A",2006,100
"NOR","TEACHERSALARY","UPPSRY_15YREXP","IDX2005","A",2007,101
"NOR","TEACHERSALARY","UPPSRY_15YREXP","IDX2005","A",2008,103
"NOR","TEACHERSALARY","UPPSRY_15YREXP","IDX2005","A",2009,103
"NOR","TEACHERSALARY","UPPSRY_15YREXP","IDX2005","A",2010,104
"NOR","TEACHERSALARY","UPPSRY_15YREXP","IDX2005","A",2011,108
"NOR","TEACHERSALARY","UPPSRY_15YREXP","IDX2005","A",2012,109
"POL","TEACHERSALARY","LOWSRY_15YREXP","IDX2005","A",2005,100
"POL","TEACHERSALARY","LOWSRY_15YREXP","IDX2005","A",2008,106
"POL","TEACHERSALARY","LOWSRY_15YREXP","IDX2005","A",2009,109
"POL","TEACHERSALARY","LOWSRY_15YREXP","IDX2005","A",2010,113
"POL","TEACHERSALARY","LOWSRY_15YREXP","IDX2005","A",2011,117
"POL","TEACHERSALARY","LOWSRY_15YREXP","IDX2005","A",2012,120
"POL","TEACHERSALARY","PRY_15YREXP","IDX2005","A",2005,100
"POL","TEACHERSALARY","PRY_15YREXP","IDX2005","A",2008,108
"POL","TEACHERSALARY","PRY_15YREXP","IDX2005","A",2009,112
"POL","TEACHERSALARY","PRY_15YREXP","IDX2005","A",2010,116
"POL","TEACHERSALARY","PRY_15YREXP","IDX2005","A",2011,120
"POL","TEACHERSALARY","PRY_15YREXP","IDX2005","A",2012,123
"POL","TEACHERSALARY","UPPSRY_15YREXP","IDX2005","A",2005,100
"POL","TEACHERSALARY","UPPSRY_15YREXP","IDX2005","A",2008,107
"POL","TEACHERSALARY","UPPSRY_15YREXP","IDX2005","A",2009,110
"POL","TEACHERSALARY","UPPSRY_15YREXP","IDX2005","A",2010,115
"POL","TEACHERSALARY","UPPSRY_15YREXP","IDX2005","A",2011,118
"POL","TEACHERSALARY","UPPSRY_15YREXP","IDX2005","A",2012,121
"PRT","TEACHERSALARY","LOWSRY_15YREXP","IDX2005","A",2000,87
"PRT","TEACHERSALARY","LOWSRY_15YREXP","IDX2005","A",2005,100
"PRT","TEACHERSALARY","LOWSRY_15YREXP","IDX2005","A",2006,99
"PRT","TEACHERSALARY","LOWSRY_15YREXP","IDX2005","A",2007,98
"PRT","TEACHERSALARY","LOWSRY_15YREXP","IDX2005","A",2008,97
"PRT","TEACHERSALARY","LOWSRY_15YREXP","IDX2005","A",2009,108
"PRT","TEACHERSALARY","LOWSRY_15YREXP","IDX2005","A",2010,109
"PRT","TEACHERSALARY","LOWSRY_15YREXP","IDX2005","A",2011,111
"PRT","TEACHERSALARY","LOWSRY_15YREXP","IDX2005","A",2012,93
"PRT","TEACHERSALARY","PRY_15YREXP","IDX2005","A",2000,87
"PRT","TEACHERSALARY","PRY_15YREXP","IDX2005","A",2005,100
"PRT","TEACHERSALARY","PRY_15YREXP","IDX2005","A",2006,99
"PRT","TEACHERSALARY","PRY_15YREXP","IDX2005","A",2007,98
"PRT","TEACHERSALARY","PRY_15YREXP","IDX2005","A",2008,97
"PRT","TEACHERSALARY","PRY_15YREXP","IDX2005","A",2009,108
"PRT","TEACHERSALARY","PRY_15YREXP","IDX2005","A",2010,109
"PRT","TEACHERSALARY","PRY_15YREXP","IDX2005","A",2011,111
"PRT","TEACHERSALARY","PRY_15YREXP","IDX2005","A",2012,93
"PRT","TEACHERSALARY","UPPSRY_15YREXP","IDX2005","A",2000,87
"PRT","TEACHERSALARY","UPPSRY_15YREXP","IDX2005","A",2005,100
"PRT","TEACHERSALARY","UPPSRY_15YREXP","IDX2005","A",2006,99
"PRT","TEACHERSALARY","UPPSRY_15YREXP","IDX2005","A",2007,98
"PRT","TEACHERSALARY","UPPSRY_15YREXP","IDX2005","A",2008,97
"PRT","TEACHERSALARY","UPPSRY_15YREXP","IDX2005","A",2009,108
"PRT","TEACHERSALARY","UPPSRY_15YREXP","IDX2005","A",2010,109
"PRT","TEACHERSALARY","UPPSRY_15YREXP","IDX2005","A",2011,111
"PRT","TEACHERSALARY","UPPSRY_15YREXP","IDX2005","A",2012,93
"ESP","TEACHERSALARY","LOWSRY_15YREXP","IDX2005","A",2000,96
"ESP","TEACHERSALARY","LOWSRY_15YREXP","IDX2005","A",2005,100
"ESP","TEACHERSALARY","LOWSRY_15YREXP","IDX2005","A",2006,101
"ESP","TEACHERSALARY","LOWSRY_15YREXP","IDX2005","A",2007,99
"ESP","TEACHERSALARY","LOWSRY_15YREXP","IDX2005","A",2008,103
"ESP","TEACHERSALARY","LOWSRY_15YREXP","IDX2005","A",2009,106
"ESP","TEACHERSALARY","LOWSRY_15YREXP","IDX2005","A",2010,106
"ESP","TEACHERSALARY","LOWSRY_15YREXP","IDX2005","A",2011,99
"ESP","TEACHERSALARY","LOWSRY_15YREXP","IDX2005","A",2012,95
"ESP","TEACHERSALARY","PRY_15YREXP","IDX2005","A",2000,95
"ESP","TEACHERSALARY","PRY_15YREXP","IDX2005","A",2005,100
"ESP","TEACHERSALARY","PRY_15YREXP","IDX2005","A",2006,101
"ESP","TEACHERSALARY","PRY_15YREXP","IDX2005","A",2007,99
"ESP","TEACHERSALARY","PRY_15YREXP","IDX2005","A",2008,103
"ESP","TEACHERSALARY","PRY_15YREXP","IDX2005","A",2009,107
"ESP","TEACHERSALARY","PRY_15YREXP","IDX2005","A",2010,107
"ESP","TEACHERSALARY","PRY_15YREXP","IDX2005","A",2011,101
"ESP","TEACHERSALARY","PRY_15YREXP","IDX2005","A",2012,97
"ESP","TEACHERSALARY","UPPSRY_15YREXP","IDX2005","A",2000,92
"ESP","TEACHERSALARY","UPPSRY_15YREXP","IDX2005","A",2005,100
"ESP","TEACHERSALARY","UPPSRY_15YREXP","IDX2005","A",2006,101
"ESP","TEACHERSALARY","UPPSRY_15YREXP","IDX2005","A",2007,99
"ESP","TEACHERSALARY","UPPSRY_15YREXP","IDX2005","A",2008,101
"ESP","TEACHERSALARY","UPPSRY_15YREXP","IDX2005","A",2009,107
"ESP","TEACHERSALARY","UPPSRY_15YREXP","IDX2005","A",2010,106
"ESP","TEACHERSALARY","UPPSRY_15YREXP","IDX2005","A",2011,99
"ESP","TEACHERSALARY","UPPSRY_15YREXP","IDX2005","A",2012,95
"SWE","TEACHERSALARY","LOWSRY_15YREXP","IDX2005","A",2000,91
"SWE","TEACHERSALARY","LOWSRY_15YREXP","IDX2005","A",2005,100
"SWE","TEACHERSALARY","LOWSRY_15YREXP","IDX2005","A",2007,102
"SWE","TEACHERSALARY","LOWSRY_15YREXP","IDX2005","A",2009,102
"SWE","TEACHERSALARY","LOWSRY_15YREXP","IDX2005","A",2011,102
"SWE","TEACHERSALARY","PRY_15YREXP","IDX2005","A",2000,94
"SWE","TEACHERSALARY","PRY_15YREXP","IDX2005","A",2005,100
"SWE","TEACHERSALARY","PRY_15YREXP","IDX2005","A",2007,103
"SWE","TEACHERSALARY","PRY_15YREXP","IDX2005","A",2009,103
"SWE","TEACHERSALARY","PRY_15YREXP","IDX2005","A",2011,103
"SWE","TEACHERSALARY","UPPSRY_15YREXP","IDX2005","A",2000,92
"SWE","TEACHERSALARY","UPPSRY_15YREXP","IDX2005","A",2005,100
"SWE","TEACHERSALARY","UPPSRY_15YREXP","IDX2005","A",2007,103
"SWE","TEACHERSALARY","UPPSRY_15YREXP","IDX2005","A",2009,104
"SWE","TEACHERSALARY","UPPSRY_15YREXP","IDX2005","A",2011,104
"CHE","TEACHERSALARY","LOWSRY_15YREXP","IDX2005","A",2000,104
"CHE","TEACHERSALARY","LOWSRY_15YREXP","IDX2005","A",2005,100
"CHE","TEACHERSALARY","LOWSRY_15YREXP","IDX2005","A",2006,100
"CHE","TEACHERSALARY","LOWSRY_15YREXP","IDX2005","A",2007,99
"CHE","TEACHERSALARY","LOWSRY_15YREXP","IDX2005","A",2008,99
"CHE","TEACHERSALARY","LOWSRY_15YREXP","IDX2005","A",2009,101
"CHE","TEACHERSALARY","LOWSRY_15YREXP","IDX2005","A",2010,100
"CHE","TEACHERSALARY","LOWSRY_15YREXP","IDX2005","A",2011,100
"CHE","TEACHERSALARY","LOWSRY_15YREXP","IDX2005","A",2012,100
"CHE","TEACHERSALARY","PRY_15YREXP","IDX2005","A",2000,97
"CHE","TEACHERSALARY","PRY_15YREXP","IDX2005","A",2005,100
"CHE","TEACHERSALARY","PRY_15YREXP","IDX2005","A",2006,98
"CHE","TEACHERSALARY","PRY_15YREXP","IDX2005","A",2007,98
"CHE","TEACHERSALARY","PRY_15YREXP","IDX2005","A",2008,98
"CHE","TEACHERSALARY","PRY_15YREXP","IDX2005","A",2009,101
"CHE","TEACHERSALARY","PRY_15YREXP","IDX2005","A",2010,100
"CHE","TEACHERSALARY","PRY_15YREXP","IDX2005","A",2011,100
"CHE","TEACHERSALARY","PRY_15YREXP","IDX2005","A",2012,101
"CHE","TEACHERSALARY","UPPSRY_15YREXP","IDX2005","A",2000,102
"CHE","TEACHERSALARY","UPPSRY_15YREXP","IDX2005","A",2005,100
"CHE","TEACHERSALARY","UPPSRY_15YREXP","IDX2005","A",2006,99
"CHE","TEACHERSALARY","UPPSRY_15YREXP","IDX2005","A",2007,99
"CHE","TEACHERSALARY","UPPSRY_15YREXP","IDX2005","A",2008,98
"CHE","TEACHERSALARY","UPPSRY_15YREXP","IDX2005","A",2009,101
"CHE","TEACHERSALARY","UPPSRY_15YREXP","IDX2005","A",2010,100
"CHE","TEACHERSALARY","UPPSRY_15YREXP","IDX2005","A",2011,101
"CHE","TEACHERSALARY","UPPSRY_15YREXP","IDX2005","A",2012,101
"TUR","TEACHERSALARY","LOWSRY_15YREXP","IDX2005","A",2000,50
"TUR","TEACHERSALARY","LOWSRY_15YREXP","IDX2005","A",2005,100
"TUR","TEACHERSALARY","LOWSRY_15YREXP","IDX2005","A",2006,95
"TUR","TEACHERSALARY","LOWSRY_15YREXP","IDX2005","A",2007,99
"TUR","TEACHERSALARY","LOWSRY_15YREXP","IDX2005","A",2008,102
"TUR","TEACHERSALARY","LOWSRY_15YREXP","IDX2005","A",2009,107
"TUR","TEACHERSALARY","LOWSRY_15YREXP","IDX2005","A",2010,113
"TUR","TEACHERSALARY","LOWSRY_15YREXP","IDX2005","A",2011,109
"TUR","TEACHERSALARY","LOWSRY_15YREXP","IDX2005","A",2012,110
"TUR","TEACHERSALARY","PRY_15YREXP","IDX2005","A",2000,55
"TUR","TEACHERSALARY","PRY_15YREXP","IDX2005","A",2005,100
"TUR","TEACHERSALARY","PRY_15YREXP","IDX2005","A",2006,94
"TUR","TEACHERSALARY","PRY_15YREXP","IDX2005","A",2007,98
"TUR","TEACHERSALARY","PRY_15YREXP","IDX2005","A",2008,100
"TUR","TEACHERSALARY","PRY_15YREXP","IDX2005","A",2009,106
"TUR","TEACHERSALARY","PRY_15YREXP","IDX2005","A",2010,111
"TUR","TEACHERSALARY","PRY_15YREXP","IDX2005","A",2011,108
"TUR","TEACHERSALARY","PRY_15YREXP","IDX2005","A",2012,107
"USA","TEACHERSALARY","LOWSRY_15YREXP","IDX2005","A",2000,102
"USA","TEACHERSALARY","LOWSRY_15YREXP","IDX2005","A",2005,100
"USA","TEACHERSALARY","LOWSRY_15YREXP","IDX2005","A",2006,101
"USA","TEACHERSALARY","LOWSRY_15YREXP","IDX2005","A",2007,101
"USA","TEACHERSALARY","LOWSRY_15YREXP","IDX2005","A",2008,106
"USA","TEACHERSALARY","LOWSRY_15YREXP","IDX2005","A",2009,106
"USA","TEACHERSALARY","LOWSRY_15YREXP","IDX2005","A",2010,106
"USA","TEACHERSALARY","LOWSRY_15YREXP","IDX2005","A",2011,106
"USA","TEACHERSALARY","LOWSRY_15YREXP","IDX2005","A",2012,104
"USA","TEACHERSALARY","PRY_15YREXP","IDX2005","A",2000,96
"USA","TEACHERSALARY","PRY_15YREXP","IDX2005","A",2005,100
"USA","TEACHERSALARY","PRY_15YREXP","IDX2005","A",2006,101
"USA","TEACHERSALARY","PRY_15YREXP","IDX2005","A",2007,101
"USA","TEACHERSALARY","PRY_15YREXP","IDX2005","A",2008,100
"USA","TEACHERSALARY","PRY_15YREXP","IDX2005","A",2009,99
"USA","TEACHERSALARY","PRY_15YREXP","IDX2005","A",2010,99
"USA","TEACHERSALARY","PRY_15YREXP","IDX2005","A",2011,99
"USA","TEACHERSALARY","PRY_15YREXP","IDX2005","A",2012,97
"USA","TEACHERSALARY","UPPSRY_15YREXP","IDX2005","A",2000,95
"USA","TEACHERSALARY","UPPSRY_15YREXP","IDX2005","A",2005,100
"USA","TEACHERSALARY","UPPSRY_15YREXP","IDX2005","A",2006,101
"USA","TEACHERSALARY","UPPSRY_15YREXP","IDX2005","A",2007,101
"USA","TEACHERSALARY","UPPSRY_15YREXP","IDX2005","A",2008,98
"USA","TEACHERSALARY","UPPSRY_15YREXP","IDX2005","A",2009,98
"USA","TEACHERSALARY","UPPSRY_15YREXP","IDX2005","A",2010,98
"USA","TEACHERSALARY","UPPSRY_15YREXP","IDX2005","A",2011,98
"USA","TEACHERSALARY","UPPSRY_15YREXP","IDX2005","A",2012,98
"EST","TEACHERSALARY","LOWSRY_15YREXP","IDX2005","A",2000,84
"EST","TEACHERSALARY","LOWSRY_15YREXP","IDX2005","A",2005,100
"EST","TEACHERSALARY","LOWSRY_15YREXP","IDX2005","A",2006,110
"EST","TEACHERSALARY","LOWSRY_15YREXP","IDX2005","A",2007,123
"EST","TEACHERSALARY","LOWSRY_15YREXP","IDX2005","A",2008,138
"EST","TEACHERSALARY","LOWSRY_15YREXP","IDX2005","A",2009,148
"EST","TEACHERSALARY","LOWSRY_15YREXP","IDX2005","A",2010,141
"EST","TEACHERSALARY","LOWSRY_15YREXP","IDX2005","A",2011,136
"EST","TEACHERSALARY","LOWSRY_15YREXP","IDX2005","A",2012,131
"EST","TEACHERSALARY","PRY_15YREXP","IDX2005","A",2000,84
"EST","TEACHERSALARY","PRY_15YREXP","IDX2005","A",2005,100
"EST","TEACHERSALARY","PRY_15YREXP","IDX2005","A",2006,110
"EST","TEACHERSALARY","PRY_15YREXP","IDX2005","A",2007,123
"EST","TEACHERSALARY","PRY_15YREXP","IDX2005","A",2008,138
"EST","TEACHERSALARY","PRY_15YREXP","IDX2005","A",2009,148
"EST","TEACHERSALARY","PRY_15YREXP","IDX2005","A",2010,141
"EST","TEACHERSALARY","PRY_15YREXP","IDX2005","A",2011,136
"EST","TEACHERSALARY","PRY_15YREXP","IDX2005","A",2012,131
"EST","TEACHERSALARY","UPPSRY_15YREXP","IDX2005","A",2000,84
"EST","TEACHERSALARY","UPPSRY_15YREXP","IDX2005","A",2005,100
"EST","TEACHERSALARY","UPPSRY_15YREXP","IDX2005","A",2006,110
"EST","TEACHERSALARY","UPPSRY_15YREXP","IDX2005","A",2007,123
"EST","TEACHERSALARY","UPPSRY_15YREXP","IDX2005","A",2008,138
"EST","TEACHERSALARY","UPPSRY_15YREXP","IDX2005","A",2009,148
"EST","TEACHERSALARY","UPPSRY_15YREXP","IDX2005","A",2010,141
"EST","TEACHERSALARY","UPPSRY_15YREXP","IDX2005","A",2011,136
"EST","TEACHERSALARY","UPPSRY_15YREXP","IDX2005","A",2012,131
"ISR","TEACHERSALARY","LOWSRY_15YREXP","IDX2005","A",2000,101
"ISR","TEACHERSALARY","LOWSRY_15YREXP","IDX2005","A",2005,100
"ISR","TEACHERSALARY","LOWSRY_15YREXP","IDX2005","A",2006,103
"ISR","TEACHERSALARY","LOWSRY_15YREXP","IDX2005","A",2007,103
"ISR","TEACHERSALARY","LOWSRY_15YREXP","IDX2005","A",2008,110
"ISR","TEACHERSALARY","LOWSRY_15YREXP","IDX2005","A",2009,104
"ISR","TEACHERSALARY","LOWSRY_15YREXP","IDX2005","A",2010,103
"ISR","TEACHERSALARY","LOWSRY_15YREXP","IDX2005","A",2011,102
"ISR","TEACHERSALARY","LOWSRY_15YREXP","IDX2005","A",2012,114
"ISR","TEACHERSALARY","PRY_15YREXP","IDX2005","A",2000,100
"ISR","TEACHERSALARY","PRY_15YREXP","IDX2005","A",2005,100
"ISR","TEACHERSALARY","PRY_15YREXP","IDX2005","A",2006,103
"ISR","TEACHERSALARY","PRY_15YREXP","IDX2005","A",2007,113
"ISR","TEACHERSALARY","PRY_15YREXP","IDX2005","A",2008,121
"ISR","TEACHERSALARY","PRY_15YREXP","IDX2005","A",2009,131
"ISR","TEACHERSALARY","PRY_15YREXP","IDX2005","A",2010,135
"ISR","TEACHERSALARY","PRY_15YREXP","IDX2005","A",2011,142
"ISR","TEACHERSALARY","PRY_15YREXP","IDX2005","A",2012,143
"ISR","TEACHERSALARY","UPPSRY_15YREXP","IDX2005","A",2000,100
"ISR","TEACHERSALARY","UPPSRY_15YREXP","IDX2005","A",2005,100
"ISR","TEACHERSALARY","UPPSRY_15YREXP","IDX2005","A",2006,103
"ISR","TEACHERSALARY","UPPSRY_15YREXP","IDX2005","A",2007,102
"ISR","TEACHERSALARY","UPPSRY_15YREXP","IDX2005","A",2008,109
"ISR","TEACHERSALARY","UPPSRY_15YREXP","IDX2005","A",2009,110
"ISR","TEACHERSALARY","UPPSRY_15YREXP","IDX2005","A",2010,110
"ISR","TEACHERSALARY","UPPSRY_15YREXP","IDX2005","A",2011,117
"ISR","TEACHERSALARY","UPPSRY_15YREXP","IDX2005","A",2012,117
"SVN","TEACHERSALARY","LOWSRY_15YREXP","IDX2005","A",2005,100
"SVN","TEACHERSALARY","LOWSRY_15YREXP","IDX2005","A",2006,104
"SVN","TEACHERSALARY","LOWSRY_15YREXP","IDX2005","A",2007,106
"SVN","TEACHERSALARY","LOWSRY_15YREXP","IDX2005","A",2008,105
"SVN","TEACHERSALARY","LOWSRY_15YREXP","IDX2005","A",2009,109
"SVN","TEACHERSALARY","LOWSRY_15YREXP","IDX2005","A",2010,108
"SVN","TEACHERSALARY","LOWSRY_15YREXP","IDX2005","A",2011,107
"SVN","TEACHERSALARY","LOWSRY_15YREXP","IDX2005","A",2012,104
"SVN","TEACHERSALARY","PRY_15YREXP","IDX2005","A",2005,100
"SVN","TEACHERSALARY","PRY_15YREXP","IDX2005","A",2006,104
"SVN","TEACHERSALARY","PRY_15YREXP","IDX2005","A",2007,106
"SVN","TEACHERSALARY","PRY_15YREXP","IDX2005","A",2008,105
"SVN","TEACHERSALARY","PRY_15YREXP","IDX2005","A",2009,109
"SVN","TEACHERSALARY","PRY_15YREXP","IDX2005","A",2010,108
"SVN","TEACHERSALARY","PRY_15YREXP","IDX2005","A",2011,107
"SVN","TEACHERSALARY","PRY_15YREXP","IDX2005","A",2012,104
"SVN","TEACHERSALARY","UPPSRY_15YREXP","IDX2005","A",2005,100
"SVN","TEACHERSALARY","UPPSRY_15YREXP","IDX2005","A",2006,104
"SVN","TEACHERSALARY","UPPSRY_15YREXP","IDX2005","A",2007,106
"SVN","TEACHERSALARY","UPPSRY_15YREXP","IDX2005","A",2008,105
"SVN","TEACHERSALARY","UPPSRY_15YREXP","IDX2005","A",2009,109
"SVN","TEACHERSALARY","UPPSRY_15YREXP","IDX2005","A",2010,108
"SVN","TEACHERSALARY","UPPSRY_15YREXP","IDX2005","A",2011,107
"SVN","TEACHERSALARY","UPPSRY_15YREXP","IDX2005","A",2012,104
"OAVG","TEACHERSALARY","LOWSRY_15YREXP","IDX2005","A",2000,89
"OAVG","TEACHERSALARY","LOWSRY_15YREXP","IDX2005","A",2005,100
"OAVG","TEACHERSALARY","LOWSRY_15YREXP","IDX2005","A",2006,101
"OAVG","TEACHERSALARY","LOWSRY_15YREXP","IDX2005","A",2007,102
"OAVG","TEACHERSALARY","LOWSRY_15YREXP","IDX2005","A",2008,103
"OAVG","TEACHERSALARY","LOWSRY_15YREXP","IDX2005","A",2009,105
"OAVG","TEACHERSALARY","LOWSRY_15YREXP","IDX2005","A",2010,104
"OAVG","TEACHERSALARY","LOWSRY_15YREXP","IDX2005","A",2011,103
"OAVG","TEACHERSALARY","LOWSRY_15YREXP","IDX2005","A",2012,101
"OAVG","TEACHERSALARY","PRY_15YREXP","IDX2005","A",2000,88
"OAVG","TEACHERSALARY","PRY_15YREXP","IDX2005","A",2005,100
"OAVG","TEACHERSALARY","PRY_15YREXP","IDX2005","A",2006,101
"OAVG","TEACHERSALARY","PRY_15YREXP","IDX2005","A",2007,102
"OAVG","TEACHERSALARY","PRY_15YREXP","IDX2005","A",2008,103
"OAVG","TEACHERSALARY","PRY_15YREXP","IDX2005","A",2009,106
"OAVG","TEACHERSALARY","PRY_15YREXP","IDX2005","A",2010,106
"OAVG","TEACHERSALARY","PRY_15YREXP","IDX2005","A",2011,106
"OAVG","TEACHERSALARY","PRY_15YREXP","IDX2005","A",2012,103
"OAVG","TEACHERSALARY","UPPSRY_15YREXP","IDX2005","A",2000,90
"OAVG","TEACHERSALARY","UPPSRY_15YREXP","IDX2005","A",2005,100
"OAVG","TEACHERSALARY","UPPSRY_15YREXP","IDX2005","A",2006,101
"OAVG","TEACHERSALARY","UPPSRY_15YREXP","IDX2005","A",2007,102
"OAVG","TEACHERSALARY","UPPSRY_15YREXP","IDX2005","A",2008,103
"OAVG","TEACHERSALARY","UPPSRY_15YREXP","IDX2005","A",2009,106
"OAVG","TEACHERSALARY","UPPSRY_15YREXP","IDX2005","A",2010,105
"OAVG","TEACHERSALARY","UPPSRY_15YREXP","IDX2005","A",2011,104
"OAVG","TEACHERSALARY","UPPSRY_15YREXP","IDX2005","A",2012,102
