criteria,year,score
Thể chế,2018,56.2
Thể chế,2020,55
Nguồn nhân lực và nghiên cứu,2018,30
Nguồn nhân lực và nghiên cứu,2020,31
Cơ sở hạ tầng,2018,40.4
Cơ sở hạ tầng,2020,43
Trình độ phát triển của thị trường,2018,54.3
Trình độ phát triển của thị trường,2020,51
Trình độ phát triển kinh doanh,2018,30
Trình độ phát triển kinh doanh,2020,35
Sản phẩm kiến thức và công nghệ,2018,32.4
Sản phẩm kiến thức và công nghệ,2020,33
Sản phẩm sáng tạo,2018,35
Sản phẩm sáng tạo,2020,35
